{"char": ["p", "r", "i", "n", "t", "g", "h", "e", "o", "l", "y", "s", "w", "c", "a", "d", "f", "m", "x", "b", "v", "u", "k", "j", "-", ".", "z", "<", ">", "q", ":"], "count": [21897, 65373, 74624, 76629, 103248, 17822, 59906, 140473, 80711, 39158, 16492, 68986, 23162, 31667, 81878, 46052, 26663, 24917, 2727, 15887, 10846, 26447, 5609, 1502, 1998, 241, 637, 135, 135, 1994, 84], "duration_mean": [7.9545654630026705, 7.674199490018487, 7.651773133668908, 7.664460251752006, 6.57809023409004, 7.55654159280519, 5.336529801358807, 6.883419124235945, 7.773324759783119, 8.145215703755467, 8.41867168598312, 8.371304399000602, 7.092945946457806, 7.910601193164849, 8.071579315637043, 7.804307277759954, 7.452911934605293, 7.856175987115313, 9.544161698901663, 7.688642010197604, 7.578047790683766, 7.8185369428465465, 8.100144804209732, 9.46562163300254, 7.5389693664966195, 11.053686140200663, 8.884291141569452, 1.6196019148400107, 1.6196019148400107, 8.18977401702068, 6.575554375739583], "duration_std": [2.1870449053379737, 2.4166885598854124, 2.4525503378877334, 2.28928311998405, 2.975897857102303, 2.3349474436974185, 3.057221778420156, 2.909222296322158, 2.605883502651041, 2.428907888007147, 2.647170744420017, 2.5395944402344344, 2.9640678844695194, 2.5308300855621577, 2.76889155327628, 2.41319050811342, 2.4852054721347123, 2.3928287061873643, 2.973465305549656, 3.025818618954463, 2.225508074301726, 2.4724960034868415, 2.5858422299231933, 3.026671724945479, 1.5400634584458892, 6.652701265556748, 2.4416546458716795, 2.2722445423243602, 2.2722445423243602, 1.626472931977097, 1.083883626499748]}